season,week,gameday,game_id,away_team,home_team,away_win_probability,home_win_probability,predicted_winner,confidence,home_score,away_score,home_win,predicted_home_win,actual_winner,correct
2026,1,2026-09-13,2026_01_ARI_LAC,ARI,LAC,0.3054605602754272,0.6945394397245728,LAC,0.6945394397245728,14.0,26.0,0,1,ARI,False
2026,1,2026-09-13,2026_01_ATL_PIT,ATL,PIT,0.3952628775028924,0.6047371224971075,PIT,0.6047371224971075,20.0,13.0,1,1,PIT,True
2026,1,2026-09-13,2026_01_BAL_IND,BAL,IND,0.6546835729042839,0.345316427095716,BAL,0.6546835729042839,23.0,41.0,0,0,BAL,True
2026,1,2026-09-13,2026_01_BUF_HOU,BUF,HOU,0.3433059878554436,0.6566940121445564,HOU,0.6566940121445564,31.0,36.0,0,1,BUF,False
2026,1,2026-09-13,2026_01_CHI_CAR,CHI,CAR,0.6291322721277565,0.3708677278722435,CHI,0.6291322721277565,37.0,59.0,0,0,CHI,True
2026,1,2026-09-13,2026_01_CLE_JAX,CLE,JAX,0.2486210491483873,0.7513789508516127,JAX,0.7513789508516127,34.0,10.0,1,1,JAX,True
2026,1,2026-09-13,2026_01_DAL_NYG,DAL,NYG,0.6191345607288885,0.3808654392711115,DAL,0.6191345607288885,28.0,20.0,1,0,NYG,False
2026,1,2026-09-14,2026_01_DEN_KC,DEN,KC,0.3634713097097934,0.6365286902902065,KC,0.6365286902902065,31.0,10.0,1,1,KC,True
2026,1,2026-09-13,2026_01_GB_MIN,GB,MIN,0.4239451991369303,0.5760548008630697,MIN,0.5760548008630697,39.0,22.0,1,1,MIN,True
2026,1,2026-09-13,2026_01_MIA_LV,MIA,LV,0.4904637324879503,0.5095362675120497,LV,0.5095362675120497,27.0,13.0,1,1,LV,True
2026,1,2026-09-09,2026_01_NE_SEA,NE,SEA,0.3657592271266259,0.6342407728733741,SEA,0.6342407728733741,13.0,10.0,1,1,SEA,True
2026,1,2026-09-13,2026_01_NO_DET,NO,DET,0.3258691523657329,0.6741308476342671,DET,0.6741308476342671,31.0,30.0,1,1,DET,True
2026,1,2026-09-13,2026_01_NYJ_TEN,NYJ,TEN,0.3294786947131561,0.6705213052868438,TEN,0.6705213052868438,10.0,23.0,0,1,NYJ,False
2026,1,2026-09-10,2026_01_SF_LA,SF,LA,0.3968061822786736,0.6031938177213264,LA,0.6031938177213264,7.0,27.0,0,1,SF,False
2026,1,2026-09-13,2026_01_TB_CIN,TB,CIN,0.6024484149638398,0.3975515850361601,TB,0.6024484149638398,33.0,27.0,1,0,CIN,False
2026,1,2026-09-13,2026_01_WAS_PHI,WAS,PHI,0.3191410833171531,0.6808589166828469,PHI,0.6808589166828469,24.0,22.0,1,1,PHI,True
