season,week,gameday,game_id,away_team,home_team,away_win_probability,home_win_probability,predicted_winner,confidence
2026,4,2026-10-01,2026_04_PIT_CLE,PIT,CLE,0.45670682812620145,0.5432931718737986,CLE,0.5432931718737986
2026,4,2026-10-04,2026_04_ARI_NYG,ARI,NYG,0.512583297870905,0.48741670212909505,ARI,0.512583297870905
2026,4,2026-10-04,2026_04_DAL_HOU,DAL,HOU,0.5870690657466405,0.41293093425335947,DAL,0.5870690657466405
2026,4,2026-10-04,2026_04_DEN_SF,DEN,SF,0.13916490930374792,0.8608350906962521,SF,0.8608350906962521
2026,4,2026-10-04,2026_04_DET_CAR,DET,CAR,0.716362812296472,0.2836371877035279,DET,0.716362812296472
2026,4,2026-10-04,2026_04_GB_TB,GB,TB,0.6648352728769008,0.3351647271230992,GB,0.6648352728769008
2026,4,2026-10-04,2026_04_IND_WAS,IND,WAS,0.39600213141215723,0.6039978685878428,WAS,0.6039978685878428
2026,4,2026-10-04,2026_04_JAX_CIN,JAX,CIN,0.6116919265139873,0.3883080734860127,JAX,0.6116919265139873
2026,4,2026-10-04,2026_04_KC_LV,KC,LV,0.4796889954178475,0.5203110045821525,LV,0.5203110045821525
2026,4,2026-10-04,2026_04_LAC_SEA,LAC,SEA,0.23000608847482829,0.7699939115251717,SEA,0.7699939115251717
2026,4,2026-10-04,2026_04_LA_PHI,LA,PHI,0.5112648700285303,0.48873512997146973,LA,0.5112648700285303
2026,4,2026-10-04,2026_04_MIA_MIN,MIA,MIN,0.24229002599405713,0.7577099740059429,MIN,0.7577099740059429
2026,4,2026-10-04,2026_04_NE_BUF,NE,BUF,0.22672842118531467,0.7732715788146853,BUF,0.7732715788146853
2026,4,2026-10-04,2026_04_NYJ_CHI,NYJ,CHI,0.24903621397462872,0.7509637860253713,CHI,0.7509637860253713
2026,4,2026-10-04,2026_04_TEN_BAL,TEN,BAL,0.08953343699004113,0.9104665630099589,BAL,0.9104665630099589
2026,4,2026-10-05,2026_04_ATL_NO,ATL,NO,0.39108833320041025,0.6089116667995897,NO,0.6089116667995897
